-- MySQL dump 10.13  Distrib 8.0.36, for Win64 (x86_64)
--
-- Host: localhost    Database: VA_invoice_system
-- ------------------------------------------------------
-- Server version	8.0.36

/*!40101 SET @OLD_CHARACTER_SET_CLIENT=@@CHARACTER_SET_CLIENT */;
/*!40101 SET @OLD_CHARACTER_SET_RESULTS=@@CHARACTER_SET_RESULTS */;
/*!40101 SET @OLD_COLLATION_CONNECTION=@@COLLATION_CONNECTION */;
/*!50503 SET NAMES utf8mb4 */;
/*!40103 SET @OLD_TIME_ZONE=@@TIME_ZONE */;
/*!40103 SET TIME_ZONE='+00:00' */;
/*!40014 SET @OLD_UNIQUE_CHECKS=@@UNIQUE_CHECKS, UNIQUE_CHECKS=0 */;
/*!40014 SET @OLD_FOREIGN_KEY_CHECKS=@@FOREIGN_KEY_CHECKS, FOREIGN_KEY_CHECKS=0 */;
/*!40101 SET @OLD_SQL_MODE=@@SQL_MODE, SQL_MODE='NO_AUTO_VALUE_ON_ZERO' */;
/*!40111 SET @OLD_SQL_NOTES=@@SQL_NOTES, SQL_NOTES=0 */;

--
-- Table structure for table `client_info`
--

DROP TABLE IF EXISTS `client_info`;
/*!40101 SET @saved_cs_client     = @@character_set_client */;
/*!50503 SET character_set_client = utf8mb4 */;
CREATE TABLE `client_info` (
  `client_id` int NOT NULL AUTO_INCREMENT,
  `first_name` varchar(50) DEFAULT NULL,
  `last_name` varchar(50) DEFAULT NULL,
  `contact_info` varchar(50) DEFAULT NULL,
  PRIMARY KEY (`client_id`)
) ENGINE=InnoDB AUTO_INCREMENT=4 DEFAULT CHARSET=utf8mb4 COLLATE=utf8mb4_0900_ai_ci;
/*!40101 SET character_set_client = @saved_cs_client */;

--
-- Dumping data for table `client_info`
--

LOCK TABLES `client_info` WRITE;
/*!40000 ALTER TABLE `client_info` DISABLE KEYS */;
INSERT INTO `client_info` VALUES (1,'Paul','Atreidis','090909'),(2,'Leto','Atreidis','915556'),(3,'Paul','Conrad','09167946748');
/*!40000 ALTER TABLE `client_info` ENABLE KEYS */;
UNLOCK TABLES;

--
-- Table structure for table `invoice`
--

DROP TABLE IF EXISTS `invoice`;
/*!40101 SET @saved_cs_client     = @@character_set_client */;
/*!50503 SET character_set_client = utf8mb4 */;
CREATE TABLE `invoice` (
  `invoice_id` int NOT NULL AUTO_INCREMENT,
  `client_id` int DEFAULT NULL,
  `event_date` date DEFAULT NULL,
  PRIMARY KEY (`invoice_id`),
  KEY `client_id` (`client_id`),
  CONSTRAINT `invoice_ibfk_1` FOREIGN KEY (`client_id`) REFERENCES `client_info` (`client_id`) ON DELETE CASCADE
) ENGINE=InnoDB AUTO_INCREMENT=4 DEFAULT CHARSET=utf8mb4 COLLATE=utf8mb4_0900_ai_ci;
/*!40101 SET character_set_client = @saved_cs_client */;

--
-- Dumping data for table `invoice`
--

LOCK TABLES `invoice` WRITE;
/*!40000 ALTER TABLE `invoice` DISABLE KEYS */;
INSERT INTO `invoice` VALUES (1,1,'2024-05-05'),(2,1,'2024-07-05'),(3,3,'2024-02-26');
/*!40000 ALTER TABLE `invoice` ENABLE KEYS */;
UNLOCK TABLES;

--
-- Table structure for table `invoice_services`
--

DROP TABLE IF EXISTS `invoice_services`;
/*!40101 SET @saved_cs_client     = @@character_set_client */;
/*!50503 SET character_set_client = utf8mb4 */;
CREATE TABLE `invoice_services` (
  `invoice_services_id` int NOT NULL AUTO_INCREMENT,
  `invoice_id` int DEFAULT NULL,
  `service_id` int DEFAULT NULL,
  `service_amount` float DEFAULT NULL,
  PRIMARY KEY (`invoice_services_id`),
  KEY `invoice_id` (`invoice_id`),
  KEY `service_id` (`service_id`),
  CONSTRAINT `invoice_services_ibfk_1` FOREIGN KEY (`invoice_id`) REFERENCES `invoice` (`invoice_id`) ON DELETE CASCADE,
  CONSTRAINT `invoice_services_ibfk_2` FOREIGN KEY (`service_id`) REFERENCES `service` (`service_id`)
) ENGINE=InnoDB AUTO_INCREMENT=7 DEFAULT CHARSET=utf8mb4 COLLATE=utf8mb4_0900_ai_ci;
/*!40101 SET character_set_client = @saved_cs_client */;

--
-- Dumping data for table `invoice_services`
--

LOCK TABLES `invoice_services` WRITE;
/*!40000 ALTER TABLE `invoice_services` DISABLE KEYS */;
INSERT INTO `invoice_services` VALUES (1,1,1,2),(2,1,2,1),(3,1,2,1),(4,2,2,1),(6,3,2,2);
/*!40000 ALTER TABLE `invoice_services` ENABLE KEYS */;
UNLOCK TABLES;

--
-- Table structure for table `service`
--

DROP TABLE IF EXISTS `service`;
/*!40101 SET @saved_cs_client     = @@character_set_client */;
/*!50503 SET character_set_client = utf8mb4 */;
CREATE TABLE `service` (
  `service_id` int NOT NULL AUTO_INCREMENT,
  `service_name` varchar(50) DEFAULT NULL,
  `status` enum('available','unavailable') DEFAULT NULL,
  `price` float DEFAULT NULL,
  PRIMARY KEY (`service_id`)
) ENGINE=InnoDB AUTO_INCREMENT=3 DEFAULT CHARSET=utf8mb4 COLLATE=utf8mb4_0900_ai_ci;
/*!40101 SET character_set_client = @saved_cs_client */;

--
-- Dumping data for table `service`
--

LOCK TABLES `service` WRITE;
/*!40000 ALTER TABLE `service` DISABLE KEYS */;
INSERT INTO `service` VALUES (1,'General Purpose','available',1000),(2,'Wedding','available',6000);
/*!40000 ALTER TABLE `service` ENABLE KEYS */;
UNLOCK TABLES;
/*!40103 SET TIME_ZONE=@OLD_TIME_ZONE */;

/*!40101 SET SQL_MODE=@OLD_SQL_MODE */;
/*!40014 SET FOREIGN_KEY_CHECKS=@OLD_FOREIGN_KEY_CHECKS */;
/*!40014 SET UNIQUE_CHECKS=@OLD_UNIQUE_CHECKS */;
/*!40101 SET CHARACTER_SET_CLIENT=@OLD_CHARACTER_SET_CLIENT */;
/*!40101 SET CHARACTER_SET_RESULTS=@OLD_CHARACTER_SET_RESULTS */;
/*!40101 SET COLLATION_CONNECTION=@OLD_COLLATION_CONNECTION */;
/*!40111 SET SQL_NOTES=@OLD_SQL_NOTES */;

-- Dump completed on 2024-03-13  1:45:57
